Round,Date,Time,Home Team,Home Score,Away Score,Away Team,Venue,Winning Team
1,Saturday 5 April,2:30 PM,Central Pulse,33,50,Melbourne Vixens,"TSB Bank Arena, Wellington",Melbourne Vixens
1,Sunday 6 April,1:00 PM,Queensland Firebirds,48,46,West Coast Fever,Brisbane Convention & Exhibition Centre,Queensland Firebirds
1,Sunday 6 April,5:30 PM,Northern Mystics,44,48,Canterbury Tactix,"Trusts Stadium, Auckland",Canterbury Tactix
1,Monday 7 April,7:00 PM,Waikato Bay of Plenty Magic,46,42,Adelaide Thunderbirds,"Energy Events Centre, Rotorua",Waikato Bay of Plenty Magic
1,Monday 7 April,7:00 PM,New South Wales Swifts,53,42,Southern Steel,"Acer Arena, Sydney",New South Wales Swifts
2,Saturday 12 April,2:30 PM,Canterbury Tactix,50,44,New South Wales Swifts,"Westpac Centre, Christchurch",Canterbury Tactix
2,Sunday 13 April,1:30 PM,Melbourne Vixens,62,52,Queensland Firebirds,"State Netball and Hockey Centre,Melbourne",Melbourne Vixens
2,Sunday 13 April,5:30 PM,Waikato Bay of Plenty Magic,56,52,Northern Mystics,"Energy Events Centre, Rotorua",Waikato Bay of Plenty Magic
2,Monday 14 April,7:00 PM,Central Pulse,50,52,Southern Steel,"TSB Bank Arena, Wellington",Southern Steel
2,Monday 14 April,6:00 PM,West Coast Fever,41,54,Adelaide Thunderbirds,"Challenge Stadium, Perth",Adelaide Thunderbirds
3,Saturday 19 April,2:30 PM,Northern Mystics,45,49,West Coast Fever,"Trusts Stadium, Auckland",West Coast Fever
3,Saturday 19 April,2:30 PM,New South Wales Swifts,50,47,Waikato Bay of Plenty Magic,Newcastle Entertainment Centre,New South Wales Swifts
3,Sunday 20 April,1:30 PM,Melbourne Vixens,38,39,Adelaide Thunderbirds,"Vodafone Arena, Melbourne",Adelaide Thunderbirds
3,Monday 21 April,7:00 PM,Canterbury Tactix,42,51,Southern Steel,"Westpac Arena, Christchurch",Southern Steel
3,Monday 21 April,7:00 PM,Queensland Firebirds,56,28,Central Pulse,Brisbane Convention & Exhibition Centre,Queensland Firebirds
4,Saturday 26 April,2:30 PM,Waikato Bay of Plenty Magic,61,47,West Coast Fever,"Mystery Creek Events Centre,Hamilton",Waikato Bay of Plenty Magic
4,Saturday 26 April,2:30 PM,Queensland Firebirds,46,40,Northern Mystics,Brisbane Convention & Exhibition Centre,Queensland Firebirds
4,Sunday 27 April,1:00 PM,Adelaide Thunderbirds,54,41,Southern Steel,"ETSA Park, Adelaide",Adelaide Thunderbirds
4,Monday 28 April,7:00 PM,Canterbury Tactix,50,58,Melbourne Vixens,"Westpac Arena, Christchurch",Melbourne Vixens
4,Monday 28 April,7:00 PM,New South Wales Swifts,59,30,Central Pulse,Sydney Olympic Park Sports Centre,New South Wales Swifts
5,Saturday 3 May,2:30 PM,Waikato Bay of Plenty Magic,54,37,Central Pulse,"Mystery Creek Events Centre,Hamilton",Waikato Bay of Plenty Magic
5,Saturday 3 May,12:30 PM,West Coast Fever,46,65,Queensland Firebirds,"Challenge Stadium, Perth",Queensland Firebirds
5,Monday 5 May,7:00 PM,Southern Steel,48,50,Northern Mystics,"Stadium Southland, Invercargill",Northern Mystics
5,Monday 5 May,7:00 PM,New South Wales Swifts,52,53,Melbourne Vixens,Newcastle Entertainment Centre,Melbourne Vixens
5,BYES: Adelaide Thunderbirds and Canterbury Tactix,,,,,,,
6,Saturday 10 May,2:30 PM,Southern Steel,48,51,Canterbury Tactix,"Stadium Southland, Invercargill",Canterbury Tactix
6,Saturday 10 May,2:30 PM,Queensland Firebirds,66,52,New South Wales Swifts,Brisbane Convention & Exhibition Centre,Queensland Firebirds
6,Monday 12 May,7:00 PM,Northern Mystics,45,59,Waikato Bay of Plenty Magic,"Trusts Stadium, Auckland",Waikato Bay of Plenty Magic
6,Monday 12 May,6:30 PM,Adelaide Thunderbirds,66,50,West Coast Fever,"ETSA Park, Adelaide",Adelaide Thunderbirds
6,BYES: Melbourne Vixens and Central Pulse,,,,,,,
7,Saturday 17 May,2:30 PM,Central Pulse,50,55,Canterbury Tactix,"Arena Manawatu, Palmerston North",Canterbury Tactix
7,Sunday 18 May,1:00 PM,Adelaide Thunderbirds,46,52,Melbourne Vixens,"ETSA Park, Adelaide",Melbourne Vixens
7,Monday 19 May,7:00 PM,Waikato Bay of Plenty Magic,56,47,Southern Steel,"Mystery Creek Events Centre,Hamilton",Waikato Bay of Plenty Magic
7,Monday 19 May,7:00 PM,New South Wales Swifts,66,54,West Coast Fever,Sydney Olympic Park Sports Centre,New South Wales Swifts
7,BYES: Queensland Firebirds and Northern Mystics,,,,,,,
8,Saturday 24 May,2:30 PM,Canterbury Tactix,50,54,Waikato Bay of Plenty Magic,"Westpac Arena, Christchurch",Waikato Bay of Plenty Magic
8,Sunday 25 May,1:30 PM,Queensland Firebirds,60,51,Melbourne Vixens,Brisbane Convention & Exhibition Centre,Queensland Firebirds
8,Monday 26 May,7:00 PM,Central Pulse,48,54,Northern Mystics,"TSB Bank Arena, Wellington",Northern Mystics
8,Monday 26 May,6:30 PM,Adelaide Thunderbirds,44,50,New South Wales Swifts,"ETSA Park, Adelaide",New South Wales Swifts
8,BYES: West Coast Fever and Southern Steel,,,,,,,0
9,Saturday 31 May,2:30 PM,Southern Steel,41,29,Central Pulse,"Stadium Southland, Invercargill",Southern Steel
9,Sunday 1 June,1:30 PM,Melbourne Vixens,57,44,West Coast Fever,"State Netball and Hockey Centre,Melbourne",Melbourne Vixens
9,Monday 2 June,7:00 PM,Northern Mystics,50,46,Canterbury Tactix,"Trusts Stadium, Auckland",Northern Mystics
9,Monday 2 June,7:00 PM,Queensland Firebirds,41,47,Adelaide Thunderbirds,Brisbane Convention & Exhibition Centre,Adelaide Thunderbirds
9,BYES: New South Wales Swifts and Waikato Bay of Plenty Magic,,,,,,,0
10,Saturday 7 June,2:30 PM,Southern Steel,47,46,Melbourne Vixens,"Stadium Southland, Invercargill",Southern Steel
10,Sunday 8 June,1:00 PM,Adelaide Thunderbirds,61,41,Canterbury Tactix,"ETSA Park, Adelaide",Adelaide Thunderbirds
10,Sunday 8 June,5:30 PM,Waikato Bay of Plenty Magic,56,50,Queensland Firebirds,"Energy Events Centre, Rotorua",Waikato Bay of Plenty Magic
10,Monday 9 June,7:00 PM,Northern Mystics,62,64,New South Wales Swifts,"Trusts Stadium, Auckland",New South Wales Swifts
10,Monday 9 June,6:00 PM,West Coast Fever,33,16,Central Pulse,"Challenge Stadium, Perth",West Coast Fever
11,Saturday 14 June,2:30 PM,Northern Mystics,47,48,Adelaide Thunderbirds,"Trusts Stadium, Auckland",Adelaide Thunderbirds
11,Sunday 15 June,1:30 PM,New South Wales Swifts,61,60,Queensland Firebirds,Sydney Olympic Park Sports Centre,New South Wales Swifts
11,Sunday 15 June,5:30 PM,Canterbury Tactix,50,49,Central Pulse,"Westpac Centre, Christchurch",Canterbury Tactix
11,Monday 16 June,7:00 PM,Southern Steel,58,43,West Coast Fever,"Edgar Centre, Dunedin",Southern Steel
11,Monday 16 June,7:00 PM,Melbourne Vixens,47,40,Waikato Bay of Plenty Magic,"State Netball and Hockey Centre,Melbourne",Melbourne Vixens
12,Saturday 21 June,2:30 PM,Central Pulse,41,46,Waikato Bay of Plenty Magic,"TSB Bank Arena, Wellington",Waikato Bay of Plenty Magic
12,Saturday 21 June,12:30 PM,West Coast Fever,48,54,Melbourne Vixens,"Challenge Stadium, Perth",Melbourne Vixens
12,Sunday 22 June,1:30 PM,Queensland Firebirds,50,36,Canterbury Tactix,Brisbane Convention & Exhibition Centre,Queensland Firebirds
12,Monday 23 June,7:00 PM,Northern Mystics,47,41,Southern Steel,"North Shore Events Centre, Auckland",Northern Mystics
12,Monday 23 June,7:00 PM,New South Wales Swifts,51,41,Adelaide Thunderbirds,Sydney Olympic Park Sports Centre,New South Wales Swifts
13,Saturday 28 June,2:30 PM,Northern Mystics,42,28,Central Pulse,"North Shore Events Centre, Auckland",Northern Mystics
13,Saturday 28 June,2:00 PM,Adelaide Thunderbirds,66,47,Queensland Firebirds,"ETSA Park, Adelaide",Adelaide Thunderbirds
13,Sunday 29 June,11:30 AM,West Coast Fever,50,44,Canterbury Tactix,"Challenge Stadium, Perth",West Coast Fever
13,Monday 30 June,7:00 PM,Southern Steel,47,43,Waikato Bay of Plenty Magic,"Stadium Southland, Invercargill",Southern Steel
13,Monday 30 June,7:00 PM,Melbourne Vixens,49,62,New South Wales Swifts,"Vodafone Arena, Melbourne",New South Wales Swifts
14,Saturday 5 July,2:30 PM,Waikato Bay of Plenty Magic,69,44,Canterbury Tactix,"Mystery Creek Events Centre,Hamilton",Waikato Bay of Plenty Magic
14,Sunday 6 July,1:30 PM,Melbourne Vixens,56,47,Northern Mystics,"Vodafone Arena, Melbourne",Melbourne Vixens
14,Sunday 6 July,5:30 PM,Southern Steel,54,52,Queensland Firebirds,"Edgar Centre, Dunedin",Southern Steel
14,Monday 7 July,7:00 PM,Central Pulse,32,44,Adelaide Thunderbirds,"Pettigrew Green Arena, Napier",Adelaide Thunderbirds
14,Monday 7 July,6:00 PM,West Coast Fever,54,63,New South Wales Swifts,"Challenge Stadium, Perth",New South Wales Swifts
15,Sunday 13 July,5:30 PM,Waikato Bay of Plenty Magic,56,57,New South Wales Swifts,"Mystery Creek Events Centre,Hamilton",New South Wales Swifts
15,Monday 14 July,4:30 PM,Adelaide Thunderbirds,53,48,Melbourne Vixens,"ETSA Park, Adelaide",Adelaide Thunderbirds
16,Monday 21 July,7:00 PM,Waikato Bay of Plenty Magic,51,49,Adelaide Thunderbirds,"Mystery Creek Events Centre,Hamilton",Waikato Bay of Plenty Magic
17,Monday 28 July,7:00 PM,New South Wales Swifts,65,56,Waikato Bay of Plenty Magic,"Acer Arena, Sydney",New South Wales Swifts
